Lat_round,Long_round,n_study_identities,mixed_broods,total_broods,mixed_paternity
-77.52,167.77,1,1,13,0.07692307692307693
-74.35,165.13,1,2,18,0.1111111111111111
-71.88,5.17,1,3,41,0.07317073170731707
-63,-60.67,1,0,38,0
-61.22,-55.35,1,29,40,0.725
-55.07,-67.67,1,18,126,0.14285714285714285
-54.73,-68.2,1,7,52,0.1346153846153846
-54.5,158.95,1,1,13,0.07692307692307693
-54,-38,1,27,327,0.08256880733944955
-52.43,-59.08,1,0,14,0
-51.72,-61.29,1,0,63,0
-51.72,-61.28,1,7,34,0.20588235294117646
-49.25,69.53,1,2,24,0.08333333333333333
-47.75,-65.88,1,21,44,0.4772727272727273
-46.9,168.1,1,0,39,0
-46.87,37.68,1,39,194,0.20103092783505155
-46.42,51.75,1,6,50,0.12
-45.93,170.25,1,0,12,0
-45.87,170.5,1,26,98,0.2653061224489796
-45,168,1,1,54,0.018518518518518517
-44.35,-176.17,1,1,35,0.02857142857142857
-43.83,168.88,1,0,24,0
-43.8,-176.5,1,0,16,0
-43.1,147.42,1,9,83,0.10843373493975904
-43.08,-64.5,1,0,37,0
-42.68,148.02,1,0,6,0
-42.63,148.06,1,0,6,0
-41.08,174.27,1,0,37,0
-41.05,-62.8,1,0,49,0
-40.38,144.65,1,3,23,0.13043478260869565
-39.63,177.08,1,0,30,0
-39.38,175.13,1,0,10,0
-38.72,-62.27,1,1,68,0.014705882352941176
-38.38,141.6,1,4,27,0.14814814814814814
-38.08,176.28,1,50,61,0.819672131147541
-38.02,144.4,1,21,31,0.6774193548387096
-37.88,144.78,1,0,4,0
-37.8,144.95,1,14,70,0.2
-37.55,14.82,1,32,85,0.3764705882352941
-37.52,145.53,1,15,65,0.23076923076923078
-37.41,145.31,1,1,13,0.07692307692307693
-36.78,145.8,1,9,17,0.5294117647058824
-36.6,174.88,2,439,495,0.8868686868686869
-36.43,-56.94,1,13,40,0.325
-36.37,174.83,1,38,53,0.71698113207547165
-36.15,145.43,1,2,25,0.08
-35.62,138.03,1,10,12,0.8333333333333334
-35.57,-58.02,2,88,132,0.6666666666666666
-35.48,149.1,1,0,62,0
-35.45,149.28,1,16,25,0.64
-35.28,149.11,1,38,40,0.95
-35.27,149.1,3,1226,2054,0.5968841285296982
-35.27,149.12,1,3,47,0.06382978723404255
-35.27,149.15,2,6,76,0.07894736842105263
-35.13,-57.38,1,18,47,0.3829787234042553
-34.57,145.75,1,0,15,0
-34.35,139.48,1,66,120,0.55
-34.33,139.03,1,88,159,0.5534591194968553
-34,18.97,1,73,104,0.7019230769230769
-33.68,18.43,2,6,25,0.24
-33.43,25.75,2,87,234,0.3717948717948718
-32.63,-69.37,1,33,73,0.4520547945205479
-31.9,115.98,1,28,32,0.875
-31.67,-62.82,1,15,33,0.45454545454545453
-31.08,142.7,1,4,80,0.05
-31,-59,1,0,12,0
-31,142,1,2,78,0.02564102564102564
-30.88,14.5,1,15,60,0.25
-30.63,-71.67,1,29,140,0.20714285714285716
-30.54,149.38,1,11,60,0.18333333333333332
-30.42,151.63,1,8,29,0.27586206896551724
-28.88,24.89,1,0,20,0
-28.87,24.83,1,66,1275,0.05176470588235294
-28.05,-64.25,1,15,35,0.42857142857142855
-27.33,152.55,1,2,35,0.05714285714285714
-27.27,22.42,1,25,180,0.1388888888888889
-27.27,152.68,1,104,130,0.8
-26.97,21.82,1,12,41,0.2926829268292683
-24.07,-47.97,1,4,11,0.36363636363636365
-24.05,43.73,1,0,10,0
-23.43,151.9,1,0,53,0
-22.53,16.97,1,0,38,0
-22.5,-47.58,1,19,31,0.6129032258064516
-22.03,43.65,1,0,15,0
-21.62,165.75,1,6,36,0.16666666666666666
-21.08,31.92,1,12,37,0.32432432432432434
-20,46,1,0,12,0
-19.57,146.78,1,1,10,0.1
-18.17,-39.33,1,0,6,0
-17.52,126.1,1,15,217,0.06912442396313365
-17.37,125.75,1,158,231,0.683982683982684
-17,-56,1,2,20,0.1
-16.87,145.75,1,17,29,0.5862068965517241
-15.95,-47.93,1,7,11,0.6363636363636364
-15.93,-47.93,1,29,95,0.30526315789473685
-15.93,-47.92,1,1,33,0.030303030303030304
-15.77,-47.87,1,3,16,0.1875
-15.76,-47.86,1,3,46,0.06521739130434782
-15.75,-47.87,1,23,107,0.21495327102803738
-15.57,128,1,13,57,0.22807017543859648
-15.55,128,1,26,101,0.25742574257425743
-15.37,-75.2,1,0,21,0
-12.75,143.28,1,8,99,0.08080808080808081
-12.43,131,1,10,21,0.47619047619047616
-8.68,34.08,1,31,62,0.5
-4.32,55.65,1,18,45,0.4
-3.65,-79.77,1,1,28,0.03571428571428571
-3.42,38.33,1,74,137,0.5401459854014599
-1.4,36.8,1,6,6,1
-1.38,-89.62,3,30,187,0.16042780748663102
-1.33,-89.67,2,0,35,0
-0.37,36.08,1,4,65,0.06153846153846154
-0.35,-78.15,1,7,11,0.6363636363636364
-0.23,-90.7,1,0,10,0
-0.12,-77.92,1,6,10,0.6
0.12,37.87,1,37,208,0.1778846153846154
0.28,37.87,1,25,100,0.25
6,116,2,24,105,0.22857142857142856
8.2,-82.2,1,65,465,0.13978494623655913
8.7,-83.2,1,17,31,0.5483870967741935
9.08,-79.65,1,10,19,0.5263157894736842
9.12,-79.7,2,10,28,0.35714285714285715
9.12,-79.68,1,11,28,0.39285714285714285
9.17,-79.85,1,8,31,0.25806451612903225
9.2,-80,1,38,53,0.71698113207547165
9.22,-79.65,1,2,50,0.04
9.23,-79.5,1,13,74,0.17567567567567569
9.38,-67.7,1,1,34,0.029411764705882353
10.17,-79.7,1,1,31,0.03225806451612903
10.2,-84.7,1,8,37,0.21621621621621623
10.43,-83.98,1,16,28,0.5714285714285714
10.67,-85.5,2,8,101,0.07920792079207921
10.83,-85.62,1,16,26,0.6153846153846154
13.92,-60.92,1,4,30,0.13333333333333333
15.9,-23.98,1,1,63,0.015873015873015872
16.8,41.88,1,0,12,0
17.93,-67.1,1,11,30,0.36666666666666664
19,-70,1,0,41,0
19.12,-70.57,1,0,101,0
19.43,-155.3,1,7,13,0.5384615384615384
19.82,-155.47,1,0,12,0
20,-100,1,0,93,0
20,-87,1,7,23,0.30434782608695654
20,-76,1,11,24,0.4583333333333333
21.87,-105.9,1,48,453,0.10596026490066225
22,121.08,1,1,108,0.009259259259259259
22.13,-81.23,1,2,11,0.18181818181818182
23.65,107.07,1,3,13,0.23076923076923078
23.75,-166.02,2,5,138,0.036231884057971016
24.27,54.6,1,0,28,0
26.53,-78.53,1,10,20,0.5
27,-81,1,0,52,0
27.17,-81.35,1,0,60,0
27.33,-2.42,1,23,36,0.6388888888888888
28.17,115.45,1,44,69,0.6376811594202898
28.42,16.38,1,12,31,0.3870967741935484
30.48,91.1,1,1,75,0.013333333333333334
30.65,-84.2,1,24,59,0.4067796610169492
30.77,35.27,1,0,44,0
31.4,-97.8,1,2,36,0.05555555555555555
31.66,34.88,1,2,13,0.15384615384615385
31.85,-109.25,1,0,10,0
31.92,-109.25,1,32,51,0.6274509803921569
31.95,114.25,1,11,64,0.171875
32.08,34.78,1,17,47,0.3617021276595745
32.58,-16.47,1,0,15,0
32.6,-85.3,1,14,20,0.7
32.77,-79.98,1,3,18,0.16666666666666666
33.52,130.03,1,17,32,0.53125
33.68,-117,1,0,25,0
34,-98,1,5,36,0.1388888888888889
34.02,-119.77,1,8,52,0.15384615384615385
34.23,102.03,1,55,172,0.31976744186046513
34.5,-108,1,0,17,0
34.57,135.53,1,4,24,0.16666666666666666
34.6,102.5,1,113,286,0.3951048951048951
34.69,103.52,1,41,77,0.5324675324675324
34.74,-98.67,1,102,140,0.7285714285714285
34.75,-98.58,1,102,140,0.7285714285714285
34.77,-98.48,1,29,44,0.6590909090909091
34.82,-87.63,1,0,23,0
35,-83,2,53,201,0.263681592039801
35,24,1,0,29,0
35.2,-97.43,1,15,41,0.36585365853658536
35.22,139.88,1,19,71,0.2676056338028169
35.37,-76.36,1,7,19,0.3684210526315789
35.52,-79.45,1,1,44,0.022727272727272728
35.65,-118.03,1,12,56,0.21428571428571427
35.7,-83.2,1,16,56,0.2857142857142857
35.75,-78.92,1,0,16,0
35.88,-106.03,1,51,72,0.7083333333333334
35.88,-79.02,1,12,25,0.48
36,-100,1,31,56,0.5535714285714286
36,138,1,3,21,0.14285714285714285
36.37,-121.55,1,22,48,0.4583333333333333
36.37,-121.05,4,152,461,0.3297180043383948
36.71,-112.22,1,1,39,0.02564102564102564
36.72,35.05,1,3,73,0.0410958904109589
36.87,139.05,1,5,37,0.13513513513513514
36.92,-25.17,2,8,72,0.1111111111111111
37,-80,1,16,45,0.35555555555555557
37,-3,1,2,20,0.1
37.12,138.02,1,5,65,0.07692307692307693
37.17,-6.35,1,1,8,0.125
37.18,-3.05,1,2,10,0.2
37.22,-80.42,1,52,94,0.5531914893617021
37.3,-3.18,2,10,58,0.1724137931034483
37.37,-80.53,1,18,41,0.43902439024390244
37.53,127.03,1,13,50,0.26
37.6,-118.82,1,28,57,0.49122807017543857
37.62,-84.12,1,0,23,0
37.65,-84.12,1,3,19,0.15789473684210525
37.67,-118.83,1,2,10,0.2
37.7,-123,1,0,22,0
37.87,-3.92,1,7,47,0.14893617021276595
38,24.98,1,0,17,0
38.25,-120,1,23,60,0.38333333333333336
38.4,-26.96,1,0,19,0
38.57,-119.03,1,43,96,0.4479166666666667
38.83,-6.98,1,55,170,0.3235294117647059
38.9,-86.9,1,16,174,0.09195402298850575
39,-76,1,41,165,0.24848484848484848
39.05,-27.95,1,2,56,0.03571428571428571
39.08,-96.58,2,65,148,0.4391891891891892
39.23,-75.98,1,77,124,0.6209677419354839
39.3,-75.5,1,21,54,0.3888888888888889
39.4,141.99,1,17,113,0.1504424778761062
39.55,-4.33,1,26,47,0.5531914893617021
39.6,-79.3,1,26,59,0.4406779661016949
40,-82.88,1,2,9,0.2222222222222222
40,-3,1,71,189,0.37566137566137564
40.02,122.93,1,16,40,0.4
40.02,122.94,1,32,80,0.4
40.03,-88.17,1,46,64,0.71875
40.17,-8.55,1,0,21,0
40.2,-87.72,1,32,80,0.4
40.37,96.23,1,36,146,0.2465753424657534
40.5,-4,2,67,152,0.4407894736842105
40.63,-104.48,1,74,148,0.5
40.63,-8.68,1,6,102,0.058823529411764705
40.63,-4,1,5,54,0.09259259259259259
40.67,-88.88,2,166,507,0.32741617357001973
40.75,-3.78,1,66,341,0.1935483870967742
40.8,-4.02,3,53,177,0.2994350282485876
40.9,-4.02,2,52,129,0.40310077519379844
40.98,-124,1,6,41,0.14634146341463414
41,-79,2,47,142,0.33098591549295775
41,-72,2,57,74,0.7702702702702703
41.07,-3.45,1,77,233,0.33047210300429186
41.35,-104.08,1,80,153,0.5228758169934641
41.35,-0.18,1,2,23,0.08695652173913043
41.38,2.15,1,7,25,0.28
41.39,2.17,1,7,27,0.25925925925925924
41.55,-80.18,1,13,27,0.48148148148148145
41.58,-2.43,1,10,40,0.25
41.77,-79.93,5,70,163,0.4294478527607362
41.82,-122,1,2,27,0.07407407407407407
42,-5,1,3,19,0.15789473684210525
42,9,1,0,22,0
42.13,-80.3,1,137,297,0.4612794612794613
42.27,-83.73,1,5,35,0.14285714285714285
42.35,-76.5,1,26,53,0.49056603773584906
42.4,-85.4,1,20,40,0.5
42.4,-76.5,1,13,60,0.21666666666666667
42.42,-75.08,1,2,21,0.09523809523809523
42.42,70.48,1,0,5,0
42.5,-76.47,1,28,68,0.4117647058823529
42.52,-76.47,2,112,263,0.42585551330798477
42.52,8.77,1,34,50,0.68
42.55,8.92,1,15,30,0.5
42.62,-5.43,1,13,19,0.6842105263157895
42.67,-73.05,1,20,33,0.6060606060606061
42.67,141.6,1,28,92,0.30434782608695654
42.72,-81.1,1,3,12,0.25
42.97,1.58,1,0,38,0
43,-119,1,54,89,0.6067415730337079
43,-84,1,6,42,0.14285714285714285
43,-70,1,107,120,0.8916666666666667
43.07,141.33,1,17,29,0.5862068965517241
43.16,-124.41,1,24,62,0.3870967741935484
43.25,-80.88,1,24,36,0.6666666666666666
43.3,-74.88,1,12,20,0.6
43.38,-88.02,4,153,318,0.4811320754716981
43.45,-88.92,1,0,11,0
43.53,-80.23,1,4,15,0.26666666666666666
43.6,-89.6,1,4,18,0.2222222222222222
43.66,3.67,1,23,50,0.46
43.67,-72.05,1,35,61,0.5737704918032787
43.67,3.67,2,136,243,0.5596707818930041
43.93,-71.75,1,40,117,0.3418803418803419
44,-72,1,55,77,0.7142857142857143
44,5,1,39,145,0.2689655172413793
44.08,-74.83,1,126,412,0.3058252427184466
44.15,-74.78,2,111,411,0.27007299270072993
44.33,-89.63,1,11,25,0.44
44.39,-73.27,1,23,40,0.575
44.5,-76.3,1,47,106,0.44339622641509435
44.55,-76.32,1,5,11,0.45454545454545453
44.57,-76.33,1,70,130,0.5384615384615384
44.57,-76.32,11,420,753,0.5577689243027888
44.58,-66.77,4,136,214,0.6355140186915887
44.58,-66.75,1,0,42,0
44.63,-107,1,66,92,0.717391304347826
44.67,-105.93,1,29,79,0.3670886075949367
44.7,-76.2,1,49,64,0.765625
44.75,-63.68,1,3,10,0.3
44.97,-90.05,1,15,44,0.3409090909090909
44.97,6.63,1,25,56,0.44642857142857145
45,-74,2,701,835,0.8395209580838323
45,126,1,35,64,0.546875
45.07,-67.03,1,19,32,0.59375
45.35,12.27,1,0,10,0
45.43,8.62,1,27,52,0.5192307692307693
45.47,9.18,1,41,190,0.21578947368421053
45.5,-122.68,1,101,228,0.44298245614035087
45.7,-89.62,1,0,47,0
46,6,1,1,37,0.02702702702702703
46.2,7.63,1,3,5,0.6
46.2,9.4,1,1,6,0.16666666666666666
46.25,20.13,1,4,19,0.21052631578947367
46.32,20.1,1,29,55,0.5272727272727272
46.33,7.67,1,7,41,0.17073170731707318
46.52,6.57,2,29,83,0.3493975903614458
46.78,9.85,1,32,258,0.12403100775193798
46.82,6.95,1,2,95,0.021052631578947368
46.85,-114.02,1,9,59,0.15254237288135594
46.88,-119.25,1,72,134,0.5373134328358209
46.88,-114.12,1,0,12,0
46.9,6.93,1,134,213,0.6291079812206573
46.91,23.91,1,1,6,0.16666666666666666
46.96,17.89,1,32,86,0.37209302325581395
47,8,1,102,181,0.56353591160221
47.08,17.83,1,15,47,0.3191489361702128
47.17,-94.42,1,1,9,0.1111111111111111
47.33,-2.87,1,44,69,0.6376811594202898
47.42,7.55,1,2,10,0.2
47.53,12.93,1,4,26,0.15384615384615385
47.65,-122.03,1,26,72,0.3611111111111111
47.7,19.02,1,25,45,0.5555555555555556
47.72,19.02,1,28,44,0.6363636363636364
47.93,16.75,2,20,62,0.3225806451612903
47.93,17.72,1,9,52,0.17307692307692307
47.97,11.23,1,16,53,0.3018867924528302
47.99,17.34,1,3,87,0.034482758620689655
48.02,-122.05,1,18,28,0.6428571428571429
48.08,-4.58,1,0,86,0
48.13,10.88,2,233,520,0.4480769230769231
48.14,10.89,1,706,1583,0.4459886291850916
48.17,16.3,2,30,81,0.37037037037037035
48.22,16.27,1,0,49,0
48.22,16.33,1,320,561,0.5704099821746881
48.28,4.28,1,41,84,0.4880952380952381
48.3,21.08,1,15,41,0.36585365853658536
48.53,9.05,1,12,32,0.375
48.58,19.3,1,0,36,0
48.6,-123.3,1,518,1177,0.44010195412064573
48.62,-99.08,1,8,29,0.27586206896551724
48.68,-113.72,1,3,18,0.16666666666666666
48.82,13.93,1,31,116,0.2672413793103448
48.92,17.08,1,10,30,0.3333333333333333
49.07,14.7,1,82,160,0.5125
49.07,14.73,1,15,25,0.6
49.15,14.72,1,12,25,0.48
49.38,-88.02,1,1,9,0.1111111111111111
49.4,-110.7,1,15,191,0.078534031413612565
49.5,8.17,1,13,28,0.4642857142857143
49.53,17.07,2,91,162,0.5617283950617284
49.67,10.85,1,5,48,0.10416666666666667
50.1,20.4,1,27,78,0.34615384615384615
50.18,-98.38,1,18,42,0.42857142857142855
50.37,10.75,1,3,33,0.09090909090909091
50.5,30.82,1,9,18,0.5
50.67,-120.33,1,19,44,0.4318181818181818
50.92,11.57,1,1,15,0.06666666666666667
50.93,13.97,1,3,46,0.06521739130434782
51,-122,1,115,177,0.6497175141242938
51,-4,2,427,1227,0.3480032599837001
51.17,-4.63,1,14,52,0.2692307692307692
51.22,4.67,1,4,14,0.2857142857142857
51.25,4.47,1,69,165,0.41818181818181815
51.27,6.37,1,0,16,0
51.42,7.65,1,31,78,0.3974358974358974
51.45,-105.17,1,0,15,0
51.45,-0.55,1,16,85,0.18823529411764706
51.48,4.93,1,6,20,0.3
51.53,17.33,1,56,259,0.21621621621621623
51.67,21.58,1,2,24,0.08333333333333333
51.73,18.63,2,11,47,0.23404255319148937
51.75,-5.28,1,6,77,0.07792207792207792
51.75,-1.25,1,4,42,0.09523809523809523
51.75,4.75,1,89,121,0.7355371900826446
51.77,-1.33,1,50,160,0.3125
51.77,-1.13,1,80,164,0.4878048780487805
51.87,-122.03,1,0,46,0
51.9,11,1,1,50,0.02
52,5.83,1,25,99,0.25252525252525254
52,22,1,1,10,0.1
52.03,5.85,1,18,93,0.1935483870967742
52.12,-106.63,1,0,18,0
52.13,-1.13,1,50,58,0.8620689655172413
52.15,10.32,1,1,4,0.25
52.18,0.12,1,1,45,0.022222222222222223
52.23,21.01,1,119,304,0.39144736842105265
52.28,20.95,1,56,125,0.448
52.3,0.3,1,8,52,0.15384615384615385
52.33,11,1,15,20,0.75
52.37,11.02,1,90,265,0.33962264150943394
52.38,-1.57,1,8,254,0.031496062992125984
52.4,12.97,1,13,28,0.4642857142857143
52.45,7.25,2,363,647,0.5610510046367851
52.53,7.35,1,4,31,0.12903225806451613
52.63,-1.13,1,0,20,0
52.63,-0.27,1,0,13,0
52.68,23.87,1,8,33,0.24242424242424243
52.72,23.93,1,4,70,0.05714285714285714
52.77,-4.78,2,6,27,0.2222222222222222
52.87,-123.03,1,1,7,0.14285714285714285
53,-123,1,34,40,0.85
53.07,-0.95,2,51,200,0.255
53.13,6.58,4,111,271,0.4095940959409594
53.25,18.03,1,0,34,0
53.3,5.07,1,7,82,0.08536585365853659
53.33,-1.53,1,3,13,0.23076923076923078
53.33,22.67,1,57,75,0.76
53.37,-1.57,1,6,48,0.125
53.43,14.55,1,6,36,0.16666666666666666
53.48,6.22,1,1,26,0.038461538461538464
53.48,23,1,9,18,0.5
53.48,63.62,1,0,86,0
53.52,8.08,1,1,34,0.029411764705882353
54.05,-2.8,1,41,103,0.39805825242718446
54.75,-3.02,1,5,27,0.18518518518518517
55.67,12.57,1,9,23,0.391304347826087
55.68,36.72,1,16,39,0.41025641025641024
55.72,13.45,1,15,37,0.40540540540540543
56.1,-3.93,1,6,19,0.3157894736842105
56.18,-2.57,1,3,15,0.2
56.2,-3.98,1,16,45,0.35555555555555557
56.28,-2.7,1,16,34,0.47058823529411764
56.35,84.93,1,53,250,0.212
56.5,10.83,1,2,22,0.09090909090909091
56.92,18.12,1,7,12,0.5833333333333334
57.05,-3.57,1,2,22,0.09090909090909091
57.05,18.28,1,93,310,0.3
57.13,12.21,1,0,18,0
57.17,18.33,2,60,145,0.41379310344827586
57.2,10,1,21,63,0.3333333333333333
57.28,18.75,1,0,63,0
57.62,-7.5,1,1,15,0.06666666666666667
57.78,12.32,1,3,15,0.2
58.67,-94.42,1,3,12,0.25
58.75,-95.07,1,1,24,0.041666666666666664
58.77,-94.15,1,1,31,0.03225806451612903
58.87,9.6,1,32,102,0.3137254901960784
59.1,15.25,1,8,132,0.06060606060606061
59.17,15.42,1,10,44,0.22727272727272727
59.32,18,1,0,32,0
59.5,11.33,1,0,34,0
59.53,-1.62,1,0,28,0
59.83,-136.33,1,5,38,0.13157894736842105
59.83,17.63,1,2,7,0.2857142857142857
59.83,17.67,2,8,17,0.47058823529411764
59.85,154.02,1,27,46,0.5869565217391305
59.9,17.53,1,22,32,0.6875
59.93,10.55,1,8,27,0.2962962962962963
59.97,10.78,1,3,18,0.16666666666666666
59.98,10.6,1,21,25,0.84
59.98,10.63,1,4,27,0.14814814814814814
60.38,10.52,1,2,40,0.05
60.42,22.17,1,25,191,0.13089005235602094
60.83,25.33,1,17,34,0.5
61.18,25.1,1,2,26,0.07692307692307693
61.42,8.87,4,65,158,0.41139240506329117
62,-83,1,2,27,0.07407407407407407
62.17,25.08,1,0,11,0
62.37,21.5,1,0,23,0
62.42,8.87,2,135,278,0.4856115107913669
62.47,11.8,1,4,38,0.10526315789473684
62.62,26.33,2,11,79,0.13924050632911392
62.98,22.83,1,2,75,0.02666666666666667
63,26,1,5,130,0.038461538461538464
63.73,11.32,1,13,28,0.4642857142857143
64.33,-164.93,1,2,25,0.08
65,25.5,2,26,141,0.18439716312056736
66.55,-163.61,1,4,63,0.06349206349206349
67.23,-100.27,1,5,47,0.10638297872340426
67.43,11.88,2,0,70,0
69.4,81.82,1,6,18,0.3333333333333333
69.47,-29.83,2,16,53,0.3018867924528302
70.2,-148.25,1,19,47,0.40425531914893614
71.29,-156.8,1,6,37,0.16216216216216217
71.32,-156.65,1,37,334,0.11077844311377245
74.5,-21,1,3,48,0.0625
77,15.37,1,0,26,0
77,15.55,1,2,64,0.03125
78.22,15.58,1,1,27,0.037037037037037035
78.22,15.63,1,19,91,0.2087912087912088
78.92,11.9,1,0,9,0
